City_ID,City,Lat,Lng,Max Temp,Humidity,Cloudiness,Wind Speed,Country,Date
0,port-aux-francais,-49.35,70.2167,2.83,78,100,15.49,TF,1698693503
1,kuanda,56.3161,116.0806,-10.78,51,12,0.21,RU,1698693503
2,tura,25.5198,90.2201,20.18,87,100,1.52,IN,1698693504
3,edinburgh of the seven seas,-37.0676,-12.3116,12.09,90,100,14.09,SH,1698693504
4,stanley,54.868,-1.6985,6.77,93,75,3.09,GB,1698693504
5,bethel,41.3712,-73.414,13.3,89,100,1.54,US,1698693334
6,west island,-12.1568,96.8225,25.99,83,100,6.69,CC,1698693504
7,yellowknife,62.456,-114.3525,-0.88,88,75,6.17,CA,1698693505
8,aasiaat,68.7098,-52.8699,-3.59,77,3,8.86,GL,1698693505
9,talcahuano,-36.7167,-73.1167,12.82,58,40,7.2,CL,1698693505
10,hamilton,39.1834,-84.5333,8.74,84,100,6.69,US,1698693332
11,hoemul-li,41.4339,129.67,11.99,69,0,1.57,KP,1698693506
12,karkira,36.9292,6.5856,19.4,80,90,1.69,DZ,1698693506
13,waitangi,-43.9535,-176.5597,13.79,84,79,4.92,NZ,1698693506
14,muroto-misakicho,33.2833,134.15,17.8,62,88,2.36,JP,1698693506
15,thompson,55.7435,-97.8558,-5.91,68,100,6.69,CA,1698693507
16,afaahiti,-17.75,-149.2833,27.93,83,49,7.71,PF,1698693507
17,papatowai,-46.5619,169.4708,8.85,90,100,0.59,NZ,1698693507
18,santiago de cao,-7.9589,-79.2392,20.07,83,100,5.14,PE,1698693507
19,cabo san lucas,22.8909,-109.9124,30.9,62,0,4.12,MX,1698693007
20,adamstown,-25.066,-130.1015,22.58,76,100,4.54,PN,1698693508
21,antsiranana,-12.2787,49.2917,25.11,82,100,6.72,MG,1698693508
22,dakhla,23.6848,-15.958,21.35,81,0,4.66,EH,1698693508
23,obihiro,42.9172,143.2044,5.53,91,6,0.82,JP,1698693509
24,grytviken,-54.2811,-36.5092,5.81,73,1,4.49,GS,1698693509
25,alicante,38.3452,-0.4815,21.34,39,0,8.75,ES,1698693509
26,oak harbor,48.2932,-122.6432,11.23,73,20,2.57,US,1698693347
27,nar'yan-mar,67.6713,53.087,-6.61,94,100,6.71,RU,1698693511
28,giado,31.9582,12.0203,24.85,17,7,4.81,LY,1698693511
29,blackmans bay,-43.0167,147.3167,7.51,71,5,0.89,AU,1698693511
30,el calafate,-50.3408,-72.2768,4.63,65,41,1.22,AR,1698693511
31,port elizabeth,-33.918,25.5701,16.16,76,0,8.23,ZA,1698693511
32,sinabang,2.4803,96.3801,25.53,88,100,2.31,ID,1698693512
33,port mathurin,-19.6833,63.4167,24.87,81,7,8.0,MU,1698693512
34,battagram,34.6772,73.0233,16.3,42,0,2.28,PK,1698693512
35,iskateley,67.6803,53.1512,-6.66,94,100,6.71,RU,1698693512
36,kijang,35.2442,129.2139,9.85,62,0,1.65,KR,1698693513
37,margaret river,-33.95,115.0667,9.06,89,4,4.39,AU,1698693513
38,sassandra,4.95,-6.0833,26.09,85,0,3.05,CI,1698693513
39,kohima,25.6667,94.1167,13.68,88,22,1.45,IN,1698693513
40,arauca,7.0847,-70.7591,33.8,49,34,1.56,CO,1698693514
41,puerto natales,-51.7236,-72.4875,7.25,39,0,1.54,CL,1698693514
42,joaima,-16.6542,-41.0306,35.7,27,100,3.29,BR,1698693514
43,ribeira grande,38.5167,-28.7,19.32,77,40,6.71,PT,1698693514
44,punta arenas,-53.15,-70.9167,8.01,49,40,5.66,CL,1698693515
45,ugoofaaru,5.6667,73.0,27.55,75,100,2.69,MV,1698693515
46,mersa matruh,31.3525,27.2453,23.56,74,100,4.12,EG,1698693515
47,senanga,-16.1167,23.2667,23.77,52,52,2.9,ZM,1698693515
48,bredasdorp,-34.5322,20.0403,14.85,73,0,9.27,ZA,1698693516
49,masuguru,-11.3667,38.4167,28.15,55,97,4.31,TZ,1698693516
50,peringat,6.0333,102.2833,24.97,100,20,0.51,MY,1698693516
51,dudinka,69.4058,86.1778,-16.85,97,100,0.89,RU,1698693516
52,albany,42.6001,-73.9662,9.8,90,100,0.45,US,1698693279
53,lompoc,34.6391,-120.4579,26.5,16,0,0.89,US,1698693517
54,ushuaia,-54.8,-68.3,4.81,65,75,9.77,AR,1698693517
55,urangan,-25.3,152.9,21.02,71,5,5.74,AU,1698693518
56,al jahra',29.3375,47.6581,28.12,38,79,3.23,KW,1698693518
57,salima,-13.7804,34.4587,26.25,63,17,7.16,MW,1698693518
58,oakdale,44.963,-92.9649,3.06,61,75,5.66,US,1698693518
59,petropavlovsk-kamchatsky,53.0452,158.6483,-0.3,82,75,4.92,RU,1698693518
60,wailua homesteads,22.0669,-159.378,25.97,78,20,1.54,US,1698693519
61,dampit,-8.2116,112.7493,20.89,95,42,1.07,ID,1698693519
62,la'ie,21.6477,-157.9253,27.98,72,7,1.79,US,1698693519
63,nemuro,43.3236,145.575,9.45,80,6,4.29,JP,1698693352
64,suntar,62.1444,117.6319,-9.68,98,100,0.95,RU,1698693519
65,patterson,37.4716,-121.1297,18.71,38,11,1.74,US,1698693520
66,polyarnyy,69.1989,33.4478,-5.2,89,100,7.93,RU,1698693520
67,mossel bay,-34.1831,22.146,15.49,75,0,13.24,ZA,1698693520
68,fada,9.5667,8.3,23.41,55,86,0.57,NG,1698693520
69,vila franca do campo,37.7167,-25.4333,18.23,99,48,3.13,PT,1698693520
70,leava,-14.3,-178.1667,27.14,83,5,4.36,WF,1698693520
71,puerto ayora,-0.7393,-90.3518,28.98,89,99,3.13,EC,1698693521
72,ancud,-41.8697,-73.8203,9.61,52,35,4.8,CL,1698693518
73,utrik,11.2278,169.8474,28.09,80,100,9.22,MH,1698693521
74,nova vicosa,-17.8919,-39.3719,26.79,64,55,6.75,BR,1698693521
75,barbate,36.1924,-5.9219,17.27,71,100,2.54,ES,1698693521
76,brokopondo,4.75,-55.1667,34.35,39,14,1.1,SR,1698693522
77,vadso,70.0744,29.7487,-1.91,86,75,5.66,NO,1698693522
78,poronaysk,49.2167,143.1167,2.92,89,27,1.18,RU,1698693523
79,carnarvon,-24.8667,113.6333,19.87,74,0,9.31,AU,1698693523
80,port alfred,-33.5906,26.891,15.1,89,84,1.34,ZA,1698693524
81,remire-montjoly,4.9167,-52.2667,33.02,58,98,4.63,GF,1698693524
82,syktyvkar,61.6764,50.8099,-3.15,86,75,2.0,RU,1698693524
83,hailey,43.5196,-114.3153,4.94,52,0,2.68,US,1698693524
84,kalifornsky,60.4183,-151.29,4.66,88,0,3.6,US,1698693525
85,tolanaro,-25.0319,46.9987,23.38,86,100,2.5,MG,1698693525
86,sibbo,60.3775,25.2691,1.16,93,40,2.57,FI,1698693525
87,fort bragg,35.139,-79.006,29.91,45,0,6.17,US,1698693526
88,bayanaul,50.7889,75.6956,7.64,77,100,4.47,KZ,1698693526
89,langepas,61.2544,75.2124,-10.95,94,53,2.38,RU,1698693526
90,south hedland,-20.4089,118.5983,24.96,88,82,3.09,AU,1698693526
91,new norfolk,-42.7826,147.0587,8.17,90,9,2.93,AU,1698693526
92,tiksi,71.6872,128.8694,-20.43,100,57,1.8,RU,1698693527
93,raduzhny,62.0961,77.475,-12.03,96,20,1.76,RU,1698693527
94,longyearbyen,78.2186,15.6401,0.91,69,75,4.63,SJ,1698693527
95,road town,18.4167,-64.6167,29.05,79,75,3.09,VG,1698693527
96,kailua-kona,19.6406,-155.9956,30.15,66,0,2.57,US,1698693527
97,chibougamau,49.9168,-74.3659,-2.21,86,100,3.6,CA,1698693528
98,fort st. john,56.2499,-120.8529,0.94,69,75,3.09,CA,1698693528
99,tokar,18.4254,37.729,29.96,65,22,4.8,SD,1698693528
100,guerrero negro,27.9769,-114.0611,25.26,32,0,2.54,MX,1698693528
101,udachny,66.4167,112.4,-20.41,100,99,1.46,RU,1698693528
102,iqaluit,63.7506,-68.5145,-11.15,72,75,9.26,CA,1698693528
103,nizao,18.25,-70.2,32.42,64,100,3.75,DO,1698693529
104,enewetak,11.3474,162.3373,28.69,78,100,8.7,MH,1698693529
105,dahanu,19.9667,72.7333,25.68,54,1,2.01,IN,1698693529
106,dalandzadgad,43.5708,104.425,6.42,65,2,2.14,MN,1698693529
107,avarua,-21.2078,-159.775,25.03,69,20,7.2,CK,1698693529
108,chui,-33.6971,-53.4616,15.48,87,100,6.89,UY,1698693530
109,bikenibeu village,1.3673,173.1241,24.98,94,100,0.0,KI,1698693530
110,calca,-13.3333,-71.95,26.64,54,96,4.47,PE,1698693530
111,presidencia roque saenz pena,-26.7852,-60.4388,32.29,39,0,3.98,AR,1698693530
112,scarborough,54.2797,-0.4044,9.81,91,100,1.34,GB,1698693246
113,lebu,-37.6167,-73.65,11.32,56,56,5.24,CL,1698693531
114,constantia,44.1833,28.65,14.38,72,0,4.15,RO,1698693341
115,ilulissat,69.2167,-51.1,4.01,48,0,6.69,GL,1698693531
116,nagqu,31.5,92.0,-6.31,89,100,1.71,CN,1698693531
117,nangong,37.3581,115.3744,16.2,43,61,3.18,CN,1698693531
118,puerto baquerizo moreno,-0.9,-89.6,27.55,69,75,6.69,EC,1698693531
119,antalaha,-14.9003,50.2788,23.14,90,78,1.95,MG,1698693532
120,atafu village,-8.5421,-172.5159,28.6,76,64,6.44,TK,1698693532
121,hadibu,12.65,54.0333,26.78,76,99,3.66,YE,1698693532
122,vorgashor,67.5833,63.95,-13.88,91,100,3.07,RU,1698693532
123,georgetown,5.4112,100.3354,27.75,89,20,2.06,MY,1698693522
124,zaragoza,41.6561,-0.8773,15.25,50,20,5.66,ES,1698693532
125,hobyo,5.3505,48.5268,25.96,81,100,4.13,SO,1698693533
126,banda aceh,5.5577,95.3222,25.74,84,100,1.69,ID,1698693533
127,cabinda,-5.55,12.2,26.17,87,18,3.88,AO,1698693533
128,tubarjal,30.4999,38.216,21.33,49,37,4.0,SA,1698693533
129,thunder bay,48.4001,-89.3168,0.99,40,100,5.14,CA,1698693533
130,sfax,34.7406,10.7603,28.08,69,20,4.63,TN,1698693534
131,tosontsengel,48.7567,98.2839,-6.12,91,99,0.67,MN,1698693534
132,jayapura,-2.5333,140.7,24.66,89,100,2.28,ID,1698693534
133,vernon,50.2581,-119.2691,5.42,48,59,0.51,CA,1698693534
134,yangshuo,24.7808,110.4897,17.91,84,100,0.55,CN,1698693534
135,lincoln,40.8,-96.667,6.12,36,0,3.09,US,1698693347
136,bilibino,68.0546,166.4372,-19.15,74,36,1.43,RU,1698693535
137,saipan,15.1355,145.701,28.39,83,100,5.14,MP,1698693535
138,gizo,-8.103,156.8419,27.01,81,100,2.11,SB,1698693535
139,buala,-8.145,159.5921,26.1,84,100,1.89,SB,1698693535
140,logrono,42.4667,-2.45,13.02,76,20,1.54,ES,1698693535
141,vilyuchinsk,52.9306,158.4028,0.52,81,74,2.91,RU,1698693536
142,sur,22.5667,59.5289,26.48,66,7,2.38,OM,1698693536
143,macapa,0.0389,-51.0664,33.99,46,40,5.66,BR,1698693536
144,saynshand,44.8824,110.1163,1.06,71,39,3.03,MN,1698693247
145,pervomayskoye,43.919,46.7102,13.58,75,7,4.47,RU,1698693537
146,olonkinbyen,70.9221,-8.7187,1.04,66,100,5.67,SJ,1698693537
147,nadi,-17.8,177.4167,24.0,83,20,2.06,FJ,1698693537
148,mariinsk,56.2139,87.7472,-5.48,81,100,4.99,RU,1698693537
149,east london,-33.0153,27.9116,15.3,76,25,6.96,ZA,1698693538
150,codrington,-38.2667,141.9667,9.26,61,51,7.37,AU,1698693538
151,kurumkan,54.3,110.3,-8.26,58,1,1.34,RU,1698693538
152,darnah,32.767,22.6367,22.33,81,27,6.04,LY,1698693538
153,kolonia town,6.964,158.206,26.0,94,100,1.54,FM,1698693538
154,egilsstadir,65.2653,-14.3948,-3.05,86,0,2.57,IS,1698693539
155,whitby,54.4877,-0.615,8.97,84,100,0.89,GB,1698693286
156,calilegua,-23.7737,-64.77,32.3,51,99,1.26,AR,1698693539
157,yengema,8.7167,-11.1667,22.98,88,97,0.81,SL,1698693539
158,cocal,-28.6167,-49.35,21.63,93,100,1.31,BR,1698693539
159,terrace,54.5163,-128.6035,-0.05,69,20,3.09,CA,1698693540
160,al bardiyah,31.7561,25.0865,22.02,75,100,3.18,LY,1698693540
161,chonchi,-42.6128,-73.8092,11.73,71,90,1.57,CL,1698693540
162,ozernyy,55.5802,32.4127,8.58,95,100,3.88,RU,1698693540
163,colonia,50.9333,6.95,13.75,91,75,3.09,DE,1698693345
164,bhanpura,24.513,75.7469,23.85,41,99,2.6,IN,1698693540
165,ust-nera,64.5667,143.2,-18.13,99,87,1.81,RU,1698693541
166,santa catarina pinula,14.5689,-90.4953,22.62,72,75,7.2,GT,1698693541
167,mezhdurechenskiy,59.6,65.9333,-8.22,95,75,2.62,RU,1698693541
168,usogorsk,63.4106,48.6872,-3.52,83,100,1.25,RU,1698693541
169,lonar,19.9833,76.5333,19.69,56,0,2.89,IN,1698693541
170,zouerate,22.7187,-12.4521,31.02,12,0,2.04,MR,1698693542
171,selfoss,63.9331,-20.9971,1.69,77,17,3.03,IS,1698693542
172,kayangel,8.0823,134.7173,28.33,75,23,3.58,PW,1698693542
173,namibe,-15.1961,12.1522,19.23,79,0,2.85,AO,1698693543
174,klyuchi,52.2667,79.1667,6.35,95,100,3.31,RU,1698693543
175,tazovsky,67.4667,78.7,-16.94,95,21,1.97,RU,1698693543
176,muhos,64.808,25.9931,-2.84,98,63,0.95,FI,1698693543
177,xintai,35.9006,117.7519,15.99,58,0,1.78,CN,1698693544
178,berdigestyakh,62.0989,126.6992,-25.01,100,100,1.07,RU,1698693544
179,zukowo,54.3422,18.3648,13.12,84,0,3.09,PL,1698693544
180,cadale,2.7603,46.3222,27.51,73,56,3.34,SO,1698693544
181,keflavik,64.0049,-22.5624,3.24,70,40,5.14,IS,1698693545
182,las tablas,7.7667,-80.2833,29.02,71,97,1.79,PA,1698693545
183,nuuk,64.1835,-51.7216,8.34,31,75,13.38,GL,1698693360
184,ajdabiya,30.7554,20.2263,22.34,69,0,3.99,LY,1698693545
185,guiuan,11.0333,125.7247,28.02,77,46,5.09,PH,1698693546
186,santa cruz,-17.8,-63.1667,34.03,49,75,12.86,BO,1698693546
187,the pas,53.8251,-101.2541,-4.99,58,100,7.2,CA,1698693443
188,saldanha,-33.0117,17.9442,17.98,47,0,7.73,ZA,1698693546
189,arkhangel'sk,64.5401,40.5433,-8.26,97,58,1.47,RU,1698693374
190,greenwood,34.1668,-82.1165,29.33,47,0,5.14,US,1698693547
191,chernyshevskiy,63.0128,112.4714,-25.35,99,99,1.31,RU,1698693547
192,kagal'nitskaya,46.8806,40.1466,13.79,68,71,3.26,RU,1698693548
193,dame-marie,18.5667,-74.4167,29.84,69,100,2.76,HT,1698693548
194,jamestown,42.097,-79.2353,6.77,96,100,4.63,US,1698693326
195,sanctuary point,-35.1114,150.629,22.64,51,5,2.67,AU,1698693549
196,heishan,41.6892,122.1128,10.39,72,10,3.15,CN,1698693549
197,rongelap,11.1635,166.8941,28.41,79,100,10.48,MH,1698693549
198,west end,26.6833,-78.9667,27.99,81,99,7.07,BS,1698693550
199,berezovyy,51.6667,135.7,-1.65,55,3,4.02,RU,1698693550
200,lucapa,-8.4192,20.7447,20.68,90,10,2.97,AO,1698693550
201,isafjordur,66.0755,-23.124,2.43,77,88,2.35,IS,1698693550
202,navirai,-23.065,-54.1906,29.96,62,47,6.25,BR,1698693377
203,hithadhoo,-0.6,73.0833,26.81,82,14,5.33,MV,1698693551
204,damulog,7.4836,124.9431,21.86,93,100,0.98,PH,1698693551
205,hami,42.8,93.45,11.13,41,16,0.39,CN,1698693552
206,kuching,1.55,110.3333,25.12,100,20,1.03,MY,1698693552
207,mocimboa,-11.3167,40.35,24.7,86,95,1.63,MZ,1698693552
208,yashkul',46.1711,45.3435,13.07,57,0,3.16,RU,1698693552
209,college,64.8569,-147.8028,-2.03,89,75,0.0,US,1698693553
210,terekli-mekteb,44.1671,45.8698,14.83,64,12,4.17,RU,1698693553
211,kununurra,-15.7667,128.7333,24.99,88,100,1.54,AU,1698693553
212,tonghae,37.5439,129.1069,13.42,72,9,2.93,KR,1698693553
213,haiku-pauwela,20.9219,-156.3051,27.87,67,0,4.12,US,1698693553
214,hawaiian paradise park,19.5933,-154.9731,27.73,87,100,0.89,US,1698693554
215,pesqueira,-8.3578,-36.6964,32.48,23,20,4.97,BR,1698693394
216,pisco,-13.7,-76.2167,24.03,60,72,8.75,PE,1698693554
217,ca mau,9.1769,105.15,24.82,95,97,2.02,VN,1698693554
218,pushkinskiye gory,57.0209,28.9103,6.89,97,100,2.93,RU,1698693555
219,huarmey,-10.0681,-78.1522,22.94,73,91,5.67,PE,1698693555
220,kapuskasing,49.4169,-82.4331,-0.95,55,40,5.14,CA,1698693555
221,sarupathar,26.1984,93.8094,20.65,92,97,0.43,IN,1698693555
222,kenai,60.5544,-151.2583,4.52,87,0,3.6,US,1698693556
223,revda,56.801,59.9303,-7.59,99,98,0.58,RU,1698693556
224,buenaventura,3.8801,-77.0312,28.34,78,93,2.1,CO,1698693556
225,seminole,28.7086,-81.2081,30.6,60,90,2.24,US,1698693410
226,sitia,35.2,26.0986,22.77,83,5,3.0,GR,1698693557
227,cockburn town,21.4612,-71.1419,28.75,78,99,4.55,TC,1698693557
228,beloyarskiy,63.7119,66.6722,-12.22,97,98,1.79,RU,1698693558
229,tughyl,47.7252,84.2063,8.93,94,100,6.78,KZ,1698693558
230,st. paul,44.9444,-93.0933,3.58,60,75,6.17,US,1698693460
231,madang,-5.2246,145.7966,23.26,96,100,1.42,PG,1698693558
232,rikaze,29.25,88.8833,3.23,49,5,1.42,CN,1698693559
233,copala,16.65,-98.9833,29.49,71,79,2.61,MX,1698693559
234,tralee,52.2704,-9.7026,9.06,91,4,1.97,IE,1698693559
235,kirakira,-10.4544,161.9205,26.29,86,100,4.17,SB,1698693560
236,saint-philippe,-21.3585,55.7679,23.77,83,17,4.37,RE,1698693560
237,margate,51.3813,1.3862,9.94,92,100,6.59,GB,1698693443
238,kiama,-34.6833,150.8667,22.78,49,93,2.52,AU,1698693560
239,uturoa,-16.7333,-151.4333,26.08,80,17,8.15,PF,1698693561
240,pangody,65.85,74.4859,-13.91,96,31,2.38,RU,1698693561
241,howard springs,-12.497,131.047,25.95,90,85,1.36,AU,1698693561
242,qingyuan,23.7,113.0333,20.99,83,100,2.11,CN,1698693492
243,beyneu,45.3167,55.2,9.02,74,1,4.37,KZ,1698693561
244,geraldton,-28.7667,114.6,12.23,82,0,4.12,AU,1698693562
245,manokwari,-0.8667,134.0833,25.35,83,100,0.58,ID,1698693562
246,invercargill,-46.4,168.35,7.23,96,100,0.89,NZ,1698693562
247,newman,37.3138,-121.0208,21.24,38,10,1.79,US,1698693562
248,palmer,42.1584,-72.3287,10.64,85,100,2.57,US,1698693327
249,merelani,-3.5618,36.979,22.73,77,99,5.02,TZ,1698693563
250,la puebla de montalban,39.863,-4.3592,14.73,71,0,6.94,ES,1698693563
251,grand falls-windsor,48.9332,-55.6649,4.72,52,100,3.48,CA,1698693563
252,mbaiki,3.8678,17.9892,24.1,86,12,1.32,CF,1698693563
253,vypasne,45.8756,34.1773,14.94,58,9,1.34,UA,1698693564
254,port macquarie,-31.4333,152.9167,13.27,63,99,3.0,AU,1698693564
255,serov,59.6033,60.5787,-5.92,96,100,1.4,RU,1698693564
256,magomeni,-6.8,39.25,25.26,89,100,3.27,TZ,1698693564
257,ixtapa,20.7,-105.2,31.24,70,0,4.63,MX,1698693565
258,karlshamn,56.1706,14.8619,9.27,93,18,4.9,SE,1698693565
259,glazov,58.1394,52.6584,-2.42,95,100,1.56,RU,1698693565
260,waingapu,-9.6567,120.2641,25.14,84,54,2.32,ID,1698693565
261,sarichioi,44.95,28.85,16.2,72,0,1.54,RO,1698693566
262,san patricio,28.017,-97.5169,11.04,64,96,9.29,US,1698693566
263,borca,47.1833,25.7667,8.65,63,100,2.33,RO,1698693566
264,namsos,64.4662,11.4957,-2.97,93,1,2.06,NO,1698693566
265,hereford,52.0568,-2.7148,11.11,91,72,1.5,GB,1698693566
266,stonehouse,51.75,-2.2833,11.2,88,0,1.03,GB,1698693567
267,kedainiai,55.2883,23.9747,9.26,93,52,2.81,LT,1698693567
268,nurmes,63.5421,29.1397,-6.16,93,63,1.27,FI,1698693567
269,bandon,51.7469,-8.7425,9.77,94,0,2.18,IE,1698693392
270,kuqa,41.7278,82.9364,13.77,33,11,0.53,CN,1698693568
271,vodnyy,63.5046,53.4095,-5.88,98,90,1.3,RU,1698693568
272,esquel,-42.9,-71.3167,4.3,73,100,0.91,AR,1698693445
273,nova sintra,14.8667,-24.7167,23.55,63,43,0.84,CV,1698693568
274,al ghayzah,16.2079,52.176,26.21,71,100,3.0,YE,1698693569
275,flin flon,54.7682,-101.865,-7.09,63,75,7.72,CA,1698693569
276,kodiak,57.79,-152.4072,7.73,93,100,4.12,US,1698693569
277,ayr,55.4627,-4.6339,6.84,75,20,4.12,GB,1698693570
278,heroica caborca,30.7167,-112.15,26.23,13,0,2.66,MX,1698693570
279,anadyr,64.75,177.4833,-0.72,100,75,7.0,RU,1698693570
280,betong,5.7743,101.0723,22.54,99,61,0.95,TH,1698693571
281,nili,33.7218,66.1302,13.35,26,7,1.05,AF,1698693571
282,tsiombe,-25.3,45.4833,22.85,78,100,2.95,MG,1698693571
283,sorong,-0.8833,131.25,25.94,83,17,1.28,ID,1698693571
284,badger,64.8,-147.5333,-2.07,91,75,0.0,US,1698693572
285,ulladulla,-35.35,150.4667,16.54,51,4,2.61,AU,1698693572
286,pula,44.8683,13.8481,20.31,77,20,6.69,HR,1698693572
287,kovalam,8.3667,76.9967,28.05,83,75,0.0,IN,1698693573
288,st. john's,47.5649,-52.7093,5.99,51,100,5.14,CA,1698693573
289,cooma,-36.2333,149.1333,7.29,66,0,3.74,AU,1698693573
290,susuman,62.7833,148.1667,-16.68,97,87,0.45,RU,1698693573
291,usinsk,65.9939,57.5281,-8.85,81,100,3.13,RU,1698693574
292,sidney,-33.8679,151.2073,26.69,26,0,9.77,AU,1698693506
293,bhamo,24.2667,97.2333,20.85,73,14,0.52,MM,1698693574
294,hauterive,46.0901,3.4459,13.42,84,97,2.92,FR,1698693575
295,sumbawa besar,-8.5,117.4333,23.15,86,66,1.78,ID,1698693575
296,hermanus,-34.4187,19.2345,15.03,73,0,11.24,ZA,1698693575
297,vilyuysk,63.7553,121.6247,-15.0,96,98,1.79,RU,1698693576
298,lihue,21.9789,-159.3672,26.31,77,20,1.54,US,1698693576
299,fale old settlement,-9.3852,-171.2468,28.77,75,14,7.02,TK,1698693576
300,mejit,10.2753,170.8646,28.24,82,100,8.7,MH,1698693577
301,barclayville,4.6797,-8.2339,26.07,83,70,2.32,LR,1698693577
302,issoire,45.55,3.25,12.59,79,100,2.51,FR,1698693577
303,choyr,46.3611,108.3611,-4.28,83,10,2.4,MN,1698693577
304,kromy,52.6876,35.7667,10.36,81,100,6.75,RU,1698693578
305,buka,40.8108,69.1986,18.92,38,100,1.53,UZ,1698693578
306,namtsy,62.7161,129.6658,-15.92,96,100,2.49,RU,1698693578
307,qujing,25.4833,103.7833,11.47,94,100,1.36,CN,1698693578
308,san angelo,31.4638,-100.437,6.08,57,100,6.69,US,1698693160
309,jakobstad,63.6749,22.7026,-2.26,91,46,2.68,FI,1698693579
310,kone,-21.0595,164.8658,20.1,73,99,1.94,NC,1698693579
311,hovd,48.0056,91.6419,4.6,56,100,2.78,MN,1698693579
312,howrah,22.5892,88.3103,25.0,78,60,0.0,IN,1698693580
313,mahebourg,-20.4081,57.7,25.7,83,40,3.6,MU,1698693580
314,mart'vili,42.4144,42.3792,21.03,56,8,6.24,GE,1698693497
315,prince george,53.9166,-122.753,2.69,48,100,4.12,CA,1698693489
316,holualoa,19.6228,-155.9522,28.08,66,0,2.57,US,1698693585
317,bamboo flat,11.7,92.7167,27.69,79,95,2.7,IN,1698693585
318,tazacorte,28.629,-17.9293,25.54,93,40,1.03,ES,1698693585
319,togur,58.3631,82.8265,-9.92,90,17,3.58,RU,1698693585
320,holyhead,53.3062,-4.6321,11.96,93,100,3.6,GB,1698693585
321,cidade velha,14.9167,-23.6167,27.26,69,75,5.14,CV,1698693586
322,rio grande,-32.035,-52.0986,21.06,86,100,3.7,BR,1698693586
323,happy valley-goose bay,53.3168,-60.3315,1.17,40,75,7.72,CA,1698693310
324,garoua,9.3,13.4,28.71,59,99,2.35,CM,1698693586
325,gamba,-2.65,10.0,25.55,90,100,3.16,GA,1698693586
326,luganville,-15.5333,167.1667,25.35,87,96,4.27,VU,1698693586
327,taoudenni,22.6783,-3.9836,33.55,9,68,1.79,ML,1698693587
328,touros,-5.1989,-35.4608,27.25,63,4,7.22,BR,1698693587
329,san antonio de pale,-1.4014,5.6325,26.61,83,100,4.99,GQ,1698693587
330,tual,-5.6667,132.75,27.57,79,100,5.04,ID,1698693587
331,el nido,11.1858,119.3956,27.79,77,100,2.65,PH,1698693587
332,pacific grove,36.6177,-121.9166,23.83,22,0,2.06,US,1698693587
333,kassala,15.451,36.4,32.07,39,13,5.22,SD,1698693588
334,mount isa,-20.7333,139.5,21.87,68,61,1.54,AU,1698693588
335,choibalsan,48.0667,114.5,-5.92,96,91,4.23,MN,1698693588
336,saveh,35.0213,50.3566,18.7,45,100,4.02,IR,1698693588
337,kili,5.6439,169.1211,28.43,76,100,4.47,MH,1698693588
338,labrador city,52.9463,-66.9114,-2.05,43,40,2.06,CA,1698693313
339,mitsamiouli,-11.3847,43.2844,26.81,79,11,2.4,KM,1698693589
340,faro,37.0194,-7.9322,18.88,63,20,3.09,PT,1698693589
341,warrnambool,-38.3833,142.4833,9.64,63,56,8.32,AU,1698693589
342,bozhou,33.8772,115.7703,18.11,57,0,3.29,CN,1698693589
343,guatrache,-37.6678,-63.5302,18.64,14,22,5.0,AR,1698693589
344,minas de marcona,-15.2119,-75.1103,21.79,51,10,8.13,PE,1698693590
345,novoishimskiy,53.1981,66.7694,1.34,99,100,4.51,KZ,1698693590
346,alice springs,-23.7,133.8833,16.75,20,100,0.0,AU,1698693561
347,mahina,-17.5065,-149.489,28.87,70,20,1.54,PF,1698693590
348,sant lluis,39.8526,4.2594,20.22,83,20,8.23,ES,1698693590
349,cidreira,-30.1811,-50.2056,19.9,97,100,3.84,BR,1698693591
350,aksehir,38.3575,31.4164,17.38,42,100,0.99,TR,1698693591
351,talnakh,69.4865,88.3972,-17.11,94,100,2.42,RU,1698693591
352,chokwe,-24.5333,32.9833,16.44,70,100,5.13,MZ,1698693591
353,archangelos,36.2149,28.1149,21.84,83,16,0.99,GR,1698693591
354,la passe,45.5549,-0.8967,14.43,80,21,8.76,FR,1698693592
355,bonthe,7.5264,-12.505,26.89,80,78,3.23,SL,1698693592
356,shenkursk,62.1091,42.896,-4.12,74,100,1.58,RU,1698693592
357,maintirano,-18.0667,44.0167,25.84,73,6,6.75,MG,1698693592
358,al majaridah,19.1236,41.9111,28.03,62,41,1.36,SA,1698693592
359,sao joao da barra,-21.6403,-41.0511,31.05,85,100,7.46,BR,1698693593
360,taichung,24.1469,120.6839,23.6,85,40,2.57,TW,1698693593
361,alaghsas,17.0187,8.0168,30.16,10,100,5.04,NE,1698693593
362,kavaratti,10.5669,72.642,27.98,70,99,0.71,IN,1698693593
363,ta`u,-14.2336,-169.5144,26.86,82,47,12.03,AS,1698693594
364,nizhniy kuranakh,58.8353,125.4869,-19.94,98,41,1.66,RU,1698693594
365,flying fish cove,-10.4217,105.6791,25.82,88,75,4.63,CX,1698693594
366,lubango,-14.9172,13.4925,19.34,46,0,2.27,AO,1698693594
367,tindouf,27.6711,-8.1474,30.25,16,0,1.03,DZ,1698693594
368,zuni pueblo,35.0725,-108.8506,8.35,21,0,1.28,US,1698693594
369,ola,59.5833,151.2833,-3.16,68,7,2.53,RU,1698693595
370,jimenez,28.3333,-105.4,7.35,63,100,6.2,MX,1698693595
371,gilgit,35.9221,74.3087,13.82,42,0,1.38,PK,1698693595
372,kibaya,-5.3,36.5667,18.11,80,100,4.51,TZ,1698693595
373,caleta de carquin,-11.0925,-77.6267,22.02,76,100,4.98,PE,1698693595
374,machico,32.7,-16.7667,21.51,87,75,3.09,PT,1698693595
375,ironwood,46.4547,-90.171,-0.66,54,100,3.6,US,1698693596
376,fortuna,40.5982,-124.1573,21.07,48,0,2.57,US,1698693596
377,valparaiso,-33.0393,-71.6273,19.13,65,0,7.72,CL,1698693596
378,burnie,-41.0667,145.9167,7.47,74,18,7.41,AU,1698693596
379,betare oya,5.6,14.0833,23.44,78,95,2.08,CM,1698693596
380,cozumel,20.5083,-86.9458,30.04,74,40,3.09,MX,1698693597
381,isla mujeres,21.2311,-86.731,30.09,67,1,3.53,MX,1698693597
382,akdepe,42.0551,59.3788,13.05,70,0,3.99,TM,1698693597
383,brotton,54.5689,-0.9365,8.29,96,100,1.34,GB,1698693597
384,solwezi,-12.1688,26.3894,19.0,77,100,0.87,ZM,1698693598
385,weno,7.4515,151.8468,28.36,78,98,5.32,FM,1698693598
386,sao miguel do araguaia,-13.275,-50.1628,39.43,20,14,1.25,BR,1698693598
387,yaren,-0.5472,166.916,28.28,70,100,2.82,NR,1698693598
388,lejanias,3.5251,-74.0216,25.67,87,100,1.25,CO,1698693598
389,olinda,-8.0089,-34.8553,27.85,65,20,6.69,BR,1698693542
390,palikir - national government center,6.9248,158.1611,25.41,94,100,1.54,FM,1698693517
391,vicuna,-30.0319,-70.7081,27.65,29,100,3.91,CL,1698693599
392,ilha de mocambique,-15.0342,40.7358,26.38,84,18,5.64,MZ,1698693599
393,praia da vitoria,38.7333,-27.0667,18.75,77,40,5.36,PT,1698693599
394,nantucket,41.2835,-70.0995,17.08,94,100,6.17,US,1698693426
395,lobujya,27.95,86.8167,-9.82,49,100,1.46,NP,1698693600
396,abadan,30.3392,48.3043,25.97,38,75,2.06,IR,1698693600
397,vila velha,-20.3297,-40.2925,28.97,76,0,8.23,BR,1698693600
398,guisa,20.255,-76.5386,27.98,78,100,1.6,CU,1698693601
399,lerwick,60.1545,-1.1494,7.0,57,29,9.97,GB,1698693601
400,huntingdon,52.3305,-0.1865,10.58,90,99,1.97,GB,1698693601
401,mount pearl,47.5166,-52.7813,5.53,51,100,5.14,CA,1698693602
402,katsuura,35.1333,140.3,16.69,71,0,2.45,JP,1698693602
403,acarau,-2.8856,-40.12,28.56,64,100,8.64,BR,1698693603
404,barra dos coqueiros,-10.9089,-37.0386,28.01,61,20,6.17,BR,1698693395
405,san luis de la loma,17.2706,-100.8939,29.44,73,10,2.2,MX,1698693604
406,bel ombre,-4.6167,55.4167,25.91,83,40,0.51,SC,1698693605
407,yeniseysk,58.4497,92.1703,-8.92,88,3,1.34,RU,1698693605
408,ko pha ngan,9.7578,100.0291,25.77,78,100,5.72,TH,1698693606
409,kismayo,-0.3582,42.5454,26.81,79,3,3.6,SO,1698693606
410,hitchcock,29.3483,-95.016,11.99,81,100,10.29,US,1698693606
411,sao jose da coroa grande,-8.8978,-35.1478,26.45,67,49,5.01,BR,1698693607
412,kruisfontein,-34.0033,24.7314,13.05,66,0,7.45,ZA,1698693608
413,paita,-5.0892,-81.1144,23.89,70,84,7.4,PE,1698693608
414,diego de almagro,-26.3667,-70.05,26.05,14,16,6.74,CL,1698693609
415,khovd,48.0056,91.6419,4.6,56,100,2.78,MN,1698693609
416,aksuat,48.7167,83.7,7.16,95,100,4.1,KZ,1698693609
417,quellon,-43.1167,-73.6167,7.54,84,100,3.48,CL,1698693610
418,kalmunai,7.4167,81.8167,25.84,81,23,1.56,LK,1698693610
419,kyren,51.6828,102.1408,-3.36,62,98,0.45,RU,1698693610
420,illizi,26.4833,8.4667,28.89,15,0,3.14,DZ,1698693616
421,greenville,35.6127,-77.3663,30.07,48,0,5.14,US,1698693516
422,morinville,53.8001,-113.652,0.69,66,100,5.14,CA,1698693616
423,port blair,11.6667,92.75,27.72,79,95,2.81,IN,1698693617
424,ambato boeny,-16.4667,46.7167,28.44,64,90,2.13,MG,1698693617
425,shancheng,34.7953,116.0817,17.98,55,0,3.64,CN,1698693617
426,luderitz,-26.6481,15.1594,18.89,48,0,4.18,NA,1698693618
427,tayshet,55.9342,98.0044,-7.62,66,0,1.39,RU,1698693618
428,paithan,19.4833,75.3833,21.14,54,0,3.82,IN,1698693618
429,kourou,5.1552,-52.6478,33.03,63,90,4.57,GF,1698693619
430,sungai penuh,-2.0833,101.3833,17.78,94,55,1.09,ID,1698693619
431,bocas del toro,9.3333,-82.25,30.62,73,55,0.45,PA,1698693577
432,sheboygan falls,43.732,-87.8221,2.64,48,0,2.24,US,1698693619
433,marquard,-28.6645,27.4305,7.05,84,100,5.5,ZA,1698693621
434,chabahar,25.2919,60.643,27.34,67,6,3.91,IR,1698693622
435,tegueste,28.5167,-16.3167,23.38,87,40,2.06,ES,1698693622
436,cill airne,52.05,-9.5167,8.48,94,1,1.71,IE,1698693623
437,pionerskiy,54.9508,20.2275,11.19,87,46,4.51,RU,1698693623
438,princeville,45.7668,-61.2985,3.13,92,100,1.54,CA,1698693624
439,whitehorse,60.7161,-135.0538,1.43,88,75,1.03,CA,1698693624
440,nyurba,63.2842,118.3319,-13.56,98,100,1.57,RU,1698693624
441,aliveri,38.4167,24.0333,20.78,71,0,1.63,GR,1698693624
442,hirara,24.8,125.2833,24.15,69,100,4.63,JP,1698693625
443,kapa'a,22.0752,-159.319,26.72,78,20,1.54,US,1698693625
444,tsengel,49.4783,100.8894,-2.14,79,90,0.54,MN,1698693625
445,mazatlan,23.2167,-106.4167,29.98,62,0,0.0,MX,1698693626
446,hammerfest,70.6634,23.6821,1.25,80,75,2.57,NO,1698693627
447,daphne,30.6035,-87.9036,28.81,63,0,5.66,US,1698693627
448,labytnangi,66.6572,66.4183,-13.77,97,100,0.83,RU,1698693627
449,thurso,58.5927,-3.5259,6.14,61,100,7.56,GB,1698693627
450,znamenskoye,57.1281,73.8282,-6.45,83,98,4.0,RU,1698693630
451,dzhetygara,52.1908,61.2006,0.14,93,100,7.0,KZ,1698693634
452,atasu,48.6814,71.6433,8.56,80,100,5.52,KZ,1698693635
453,newport,51.5877,-2.9984,12.01,88,11,2.43,GB,1698693451
454,dapa,9.7594,126.0531,26.75,78,66,0.61,PH,1698693635
455,manali,13.1667,80.2667,28.37,82,100,4.07,IN,1698693637
456,hailar,49.2,119.7,-3.03,91,100,7.85,CN,1698693638
457,orange,33.7,-117.7675,27.03,13,88,1.34,US,1698693348
458,yarmouth,41.7057,-70.2286,15.01,97,100,6.71,US,1698693638
459,nurota,40.5614,65.6886,17.72,53,98,2.32,UZ,1698693639
460,ndele,8.4109,20.6473,25.59,54,8,1.24,CF,1698693639
461,franklin,39.9667,-83.0166,8.35,84,100,6.17,US,1698693551
462,roma,43.2128,-75.4557,6.95,91,100,4.12,US,1698693508
463,colby,39.3958,-101.0524,9.44,27,0,6.69,US,1698693640
464,krasnoshchekovo,51.6708,82.7289,8.24,86,100,5.81,RU,1698693641
465,sibolga,1.7427,98.7792,24.31,91,99,0.89,ID,1698693641
466,lampazos de naranjo,27.0167,-100.5167,6.98,75,100,6.26,MX,1698693641
467,maceio,-9.6658,-35.7353,28.69,57,20,5.14,BR,1698693642
468,neryungri,56.6709,124.6491,-23.6,98,14,1.05,RU,1698693642
469,powell river,49.8496,-124.5361,9.0,81,20,1.54,CA,1698693642
470,igrim,63.1906,64.4162,-8.66,84,100,2.62,RU,1698693643
471,toamasina,-18.1667,49.3833,25.0,88,40,2.06,MG,1698693643
472,badulla,6.9895,81.0557,21.0,96,100,0.86,LK,1698693643
473,inhambane,-23.865,35.3833,18.99,88,75,4.63,MZ,1698693643
474,eastham,41.8301,-69.9739,14.48,88,100,3.6,US,1698693643
475,lospalos,-8.5186,127.0025,21.65,94,100,1.06,TL,1698693644
476,tshabong,-26.05,22.45,19.59,53,0,10.09,BW,1698693645
477,preobrazheniye,42.9019,133.9064,10.69,92,11,2.82,RU,1698693645
478,yemetsk,63.4721,41.7941,-5.94,89,8,1.53,RU,1698693645
479,san antonio,29.4241,-98.4936,7.14,80,100,8.75,US,1698693297
480,dunedin,-45.8742,170.5036,13.22,77,100,1.79,NZ,1698693387
481,chala,-7.5833,31.2667,21.27,42,20,0.96,TZ,1698693646
482,pemangkat,1.1667,108.9667,25.76,83,98,1.46,ID,1698693646
483,north lakhimpur,27.2333,94.1167,20.13,75,6,1.26,IN,1698693647
484,las heras,-46.5419,-68.9359,8.81,32,100,5.89,AR,1698693647
485,baruun-urt,46.6806,113.2792,-5.93,87,26,2.78,MN,1698693647
486,kiknur,57.3034,47.2011,0.37,97,100,4.66,RU,1698693648
487,lagunas,-5.2269,-75.6753,34.71,41,46,1.85,PE,1698693648
488,kencong,-8.2833,113.3667,23.76,89,38,0.76,ID,1698693648
489,arraial do cabo,-22.9661,-42.0278,27.92,74,0,4.12,BR,1698693617
490,cheremukhovo,60.3484,59.9851,-5.1,87,100,3.58,RU,1698693649
491,robertsport,6.7533,-11.3686,27.33,78,100,3.66,LR,1698693649
492,pitea,65.3172,21.4794,-11.95,93,22,1.5,SE,1698693649
493,porto novo,6.4965,2.6036,27.9,83,100,2.49,BJ,1698693649
494,russkiy kameshkir,52.8589,46.0892,5.38,79,100,7.72,RU,1698693650
495,rio gallegos,-51.6226,-69.2181,7.03,36,40,5.14,AR,1698693650
496,salekhard,66.53,66.6019,-13.82,98,100,1.45,RU,1698693650
497,khash,28.2211,61.2158,20.54,32,10,3.05,IR,1698693650
498,bull savanna,17.8868,-77.5902,28.86,64,90,3.08,JM,1698693651
499,iwanai,42.9744,140.5089,5.99,93,55,1.84,JP,1698693651
500,marovoay,-16.1,46.6333,28.85,63,98,0.75,MG,1698693651
501,sarpsborg,59.2839,11.1096,-0.33,91,100,6.91,NO,1698693651
502,xilin hot,43.9667,116.0333,9.83,37,47,7.62,CN,1698693651
503,fuyu,45.1833,124.8167,4.71,21,100,4.47,CN,1698693652
504,qaqortoq,60.7167,-46.0333,6.33,54,100,12.62,GL,1698693652
505,mataundh,25.45,80.15,23.57,42,13,1.5,IN,1698693652
506,al kharijah,25.4514,30.5464,26.21,42,0,3.65,EG,1698693381
507,mugia,43.1041,-9.2179,16.2,74,13,8.71,ES,1698693652
508,yelizovo,53.1873,158.3805,0.45,92,75,3.13,RU,1698693652
509,mao,39.8885,4.2658,20.31,83,20,8.23,ES,1698693653
510,dolores,-36.3132,-57.6792,20.79,23,100,3.99,AR,1698693653
511,balqash,46.8481,74.995,12.24,80,100,1.15,KZ,1698693653
512,laguna,38.421,-121.4238,22.02,37,0,1.54,US,1698693653
513,alofi,-19.0595,-169.9187,25.94,69,100,6.17,NU,1698693653
514,north bend,43.4065,-124.2243,17.82,48,0,2.06,US,1698693654
515,ebon,4.582,168.6964,28.29,75,100,3.35,MH,1698693654
516,makarov,48.6333,142.8,8.76,84,49,5.19,RU,1698693654
517,paramirim,-13.4425,-42.2389,35.52,24,59,5.66,BR,1698693602
518,caluula,11.9661,50.7569,26.72,77,31,5.24,SO,1698693654
519,la sarre,48.8002,-79.1996,0.07,59,100,4.37,CA,1698693655
520,port lincoln,-34.7333,135.8667,12.4,66,94,6.5,AU,1698693655
521,cabedelo,-6.9811,-34.8339,29.37,67,97,6.34,BR,1698693655
522,acapulco de juarez,16.8634,-99.8901,29.32,74,28,1.97,MX,1698693655
523,tatarsk,55.219,75.9828,-4.45,92,99,5.77,RU,1698693655
524,kill devil hills,36.0307,-75.676,27.01,52,0,6.17,US,1698693481
525,sandnessjoen,66.0217,12.6316,-1.94,86,20,5.14,NO,1698693656
526,markovo,57.3206,107.0881,-8.62,72,79,0.74,RU,1698693656
527,sambava,-14.2667,50.1667,24.14,86,71,2.34,MG,1698693656
528,turkestan,43.3333,68.25,17.1,52,100,4.88,KZ,1698693656
529,gadzhiyevo,69.2551,33.3362,-5.68,90,100,8.2,RU,1698693657
530,trogir,43.5125,16.2517,22.03,53,0,7.72,HR,1698693657
531,naze,28.3667,129.4833,19.51,78,53,4.15,JP,1698693657
532,achacachi,-16.05,-68.6833,14.35,40,19,5.34,BO,1698693657
533,northam,51.0333,-4.2167,12.03,90,21,4.11,GB,1698693657
534,santo antonio do ica,-3.1022,-67.9397,35.67,40,91,1.43,BR,1698693658
535,luwuk,-0.9516,122.7875,24.45,88,100,1.66,ID,1698693658
536,calvinia,-31.4707,19.776,17.35,30,2,11.29,ZA,1698693658
537,chittarkonda,18.1167,82.0833,18.33,89,14,1.28,IN,1698693658
538,ribas do rio pardo,-20.4431,-53.7592,34.79,39,35,6.25,BR,1698693658
539,menongue,-14.6585,17.691,21.75,68,96,3.24,AO,1698693659
540,troitsko-pechorsk,62.7084,56.1964,-7.39,98,99,1.34,RU,1698693659
541,nadym,65.5333,72.5167,-13.16,95,14,3.02,RU,1698693659
542,lakatoro,-16.0999,167.4164,25.08,85,57,4.38,VU,1698693659
543,barvinkove,48.9097,37.0205,12.71,66,100,5.54,UA,1698693660
544,yinzhu,35.8786,119.9753,18.36,83,0,5.77,CN,1698693660
545,minab,27.1467,57.0801,27.97,58,91,0.71,IR,1698693660
546,vilhena,-12.7406,-60.1458,31.76,41,86,2.02,BR,1698693646
547,paraiso,9.8383,-83.8656,23.95,97,100,0.93,CR,1698693661
548,rouached,36.4577,6.0427,15.5,77,100,1.81,DZ,1698693661
549,punta del este,-34.9667,-54.95,14.42,75,100,6.69,UY,1698693662
550,bondoukou,8.0333,-2.8,26.22,78,5,1.26,CI,1698693662
551,madalena,41.2162,-8.3345,16.32,87,1,1.83,PT,1698693662
552,batang berjuntai,3.3833,101.4167,27.08,93,62,1.0,MY,1698693663
553,monterey,36.2505,-121.2516,22.32,16,100,1.48,US,1698693663
554,eirunepe,-6.6603,-69.8736,36.38,35,100,1.75,BR,1698693663
555,harstad,68.799,16.5293,0.09,96,55,7.15,NO,1698693664
556,okhotsk,59.3833,143.3,-6.66,87,100,2.04,RU,1698693664
557,crescent city,41.756,-124.2018,19.05,34,0,1.54,US,1698693664
558,turabah,21.2141,41.6331,26.2,39,57,3.71,SA,1698693665
559,woolgoolga,-30.1106,153.2007,18.93,78,8,4.59,AU,1698693665
560,saladas,-28.2538,-58.6259,27.29,66,24,5.26,AR,1698693665
561,rancho palos verdes,33.7445,-118.387,26.66,13,20,1.54,US,1698693459
562,ciudad lazaro cardenas,17.9583,-102.2,29.47,72,18,2.12,MX,1698693666
563,cruzeiro do sul,-29.5128,-51.9853,24.73,96,100,2.01,BR,1698693666
564,kapit,2.0167,112.9333,22.72,99,99,0.48,MY,1698693666
565,brazzaville,-4.2658,15.2832,29.17,69,40,1.54,CG,1698693667
566,cleveland,41.4995,-81.6954,7.42,90,100,5.66,US,1698693459
567,oranjemund,-28.55,16.4333,16.55,65,0,6.8,NA,1698693667
568,coquimbo,-29.9533,-71.3436,19.85,59,0,6.69,CL,1698693667
569,fenoarivo be,-18.4333,46.5667,21.45,75,88,1.86,MG,1698693668
570,boa vista,2.8197,-60.6733,35.99,36,40,2.57,BR,1698693392
571,novyy urgal,51.0736,132.5642,-4.95,73,6,2.05,RU,1698693668
572,coyhaique,-45.5752,-72.0662,10.34,76,16,1.54,CL,1698693669
573,taroa,8.7058,171.2275,28.66,78,98,7.71,MH,1698693669
574,aljustrel,37.8776,-8.1652,14.93,66,100,1.85,PT,1698693669
575,krasnyy kholm,58.0607,37.1203,-1.03,98,100,1.81,RU,1698693670
